page,cpu_time
2, 0.003357
4, 0.003235
8, 0.003452
16, 0.005457
32, 0.008134
64, 0.008505
128, 0.009000
256, 0.008741
512, 0.008881
1024, 0.008936
2048, 0.017018
4096, 0.020527
